epoch,time,train/box_loss,train/cls_loss,train/dfl_loss,train/angle_loss,metrics/precision(B),metrics/recall(B),metrics/mAP50(B),metrics/mAP50-95(B),val/box_loss,val/cls_loss,val/dfl_loss,val/angle_loss,lr/pg0,lr/pg1,lr/pg2,lr/pg3,lr/pg4,lr/pg5,lr/pg6,lr/pg7
1,180.424,1.41824,1.15591,1.79754,0.14991,0.92806,0.91982,0.95771,0.72029,0.87775,0.62932,1.29051,0.01871,0.00999143,0.00333048,0.00999143,0.00333048,0.00999143,0.00333048,0.00999143,0.00333048
2,328.578,1.15926,0.6926,1.32102,0.09544,0.9452,0.9306,0.96843,0.75104,0.79326,0.55948,1.20235,0.01965,0.0199865,0.00666218,0.0199865,0.00666218,0.0199865,0.00666218,0.0199865,0.00666218
3,467.57,1.13444,0.6787,1.29258,0.09391,0.94658,0.91786,0.9675,0.73887,0.82582,0.58404,1.16212,0.02589,0.0299621,0.00998738,0.0299621,0.00998738,0.0299621,0.00998738,0.0299621,0.00998738
4,606.317,1.13442,0.68907,1.27493,0.09064,0.94148,0.92549,0.97219,0.74665,0.83272,0.57743,1.14838,0.02106,0.0299341,0.00997803,0.0299341,0.00997803,0.0299341,0.00997803,0.0299341,0.00997803
5,743.19,1.10851,0.66655,1.26291,0.08775,0.95026,0.92787,0.97176,0.74617,0.81321,0.56516,1.13853,0.02238,0.0298829,0.00996097,0.0298829,0.00996097,0.0298829,0.00996097,0.0298829,0.00996097
6,880.82,1.08728,0.64468,1.25663,0.08491,0.94889,0.94165,0.97544,0.75826,0.81088,0.52533,1.13045,0.02185,0.0298172,0.00993906,0.0298172,0.00993906,0.0298172,0.00993906,0.0298172,0.00993906
7,1018.62,1.0805,0.63403,1.24349,0.0873,0.9538,0.94091,0.97657,0.75684,0.77692,0.53387,1.10666,0.01841,0.029737,0.00991232,0.029737,0.00991232,0.029737,0.00991232,0.029737,0.00991232
8,1156.36,1.06173,0.62587,1.22753,0.08181,0.95223,0.93828,0.9752,0.7702,0.72351,0.49606,1.08125,0.01646,0.0296424,0.00988079,0.0296424,0.00988079,0.0296424,0.00988079,0.0296424,0.00988079
9,1295.16,1.05241,0.61807,1.22567,0.0801,0.96086,0.9393,0.97624,0.77787,0.71,0.4847,1.07642,0.01322,0.0295335,0.00984449,0.0295335,0.00984449,0.0295335,0.00984449,0.0295335,0.00984449
10,1432.23,1.05014,0.61458,1.22708,0.07984,0.95707,0.93818,0.97666,0.77413,0.72906,0.48997,1.07286,0.01756,0.0294104,0.00980345,0.0294104,0.00980345,0.0294104,0.00980345,0.0294104,0.00980345
11,1569.62,1.03356,0.60159,1.21081,0.07825,0.95915,0.93583,0.97504,0.77211,0.7322,0.48627,1.09653,0.01473,0.0292732,0.00975773,0.0292732,0.00975773,0.0292732,0.00975773,0.0292732,0.00975773
12,1706.98,1.02739,0.59668,1.20487,0.07719,0.96245,0.94688,0.98,0.78983,0.68997,0.4591,1.05765,0.01457,0.0291221,0.00970736,0.0291221,0.00970736,0.0291221,0.00970736,0.0291221,0.00970736
13,1845.72,1.02439,0.59608,1.21004,0.07921,0.95704,0.94114,0.97667,0.77968,0.70837,0.4738,1.06334,0.01583,0.0289572,0.00965239,0.0289572,0.00965239,0.0289572,0.00965239,0.0289572,0.00965239
14,1985.47,1.02262,0.59594,1.20475,0.07579,0.96142,0.94539,0.97977,0.78298,0.70148,0.4625,1.05573,0.01727,0.0287787,0.00959289,0.0287787,0.00959289,0.0287787,0.00959289,0.0287787,0.00959289
15,2127.26,1.01313,0.58334,1.20723,0.07697,0.96408,0.94677,0.97987,0.78857,0.69444,0.45894,1.0455,0.01476,0.0285867,0.00952889,0.0285867,0.00952889,0.0285867,0.00952889,0.0285867,0.00952889
16,2274.24,1.00847,0.58593,1.19439,0.07322,0.9563,0.95061,0.9794,0.78316,0.69037,0.44799,1.04768,0.01621,0.0283814,0.00946048,0.0283814,0.00946048,0.0283814,0.00946048,0.0283814,0.00946048
17,2419.36,1.00325,0.58238,1.19112,0.07234,0.96455,0.94878,0.981,0.79516,0.65693,0.43716,1.02908,0.01248,0.0281632,0.00938772,0.0281632,0.00938772,0.0281632,0.00938772,0.0281632,0.00938772
18,2567.77,0.98624,0.57448,1.19066,0.06759,0.96242,0.95451,0.97995,0.79061,0.68798,0.44094,1.04452,0.01607,0.027932,0.00931067,0.027932,0.00931067,0.027932,0.00931067,0.027932,0.00931067
19,2712.73,0.97721,0.57163,1.18145,0.06352,0.96179,0.95476,0.98171,0.79737,0.65408,0.42546,1.02889,0.01391,0.0276883,0.00922942,0.0276883,0.00922942,0.0276883,0.00922942,0.0276883,0.00922942
20,2850.66,0.96391,0.57028,1.17387,0.06042,0.96528,0.95306,0.98127,0.79385,0.66524,0.43055,1.02778,0.01607,0.0274321,0.00914405,0.0274321,0.00914405,0.0274321,0.00914405,0.0274321,0.00914405
21,2994.75,0.95104,0.56373,1.16798,0.05762,0.9636,0.95594,0.98227,0.80048,0.6487,0.41668,1.02809,0.01125,0.0271639,0.00905463,0.0271639,0.00905463,0.0271639,0.00905463,0.0271639,0.00905463
22,3139.51,0.94558,0.56214,1.17107,0.05709,0.96429,0.95343,0.98179,0.79752,0.65521,0.40971,1.03038,0.01388,0.0268838,0.00896127,0.0268838,0.00896127,0.0268838,0.00896127,0.0268838,0.00896127
23,3285.57,0.94475,0.56527,1.16629,0.05374,0.96487,0.95302,0.98272,0.79591,0.66104,0.42768,1.02411,0.01579,0.0265921,0.00886404,0.0265921,0.00886404,0.0265921,0.00886404,0.0265921,0.00886404
24,3435.01,0.9156,0.55985,1.14174,0.04221,0.96562,0.95293,0.98231,0.79717,0.64796,0.41061,1.01852,0.01396,0.0262891,0.00876305,0.0262891,0.00876305,0.0262891,0.00876305,0.0262891,0.00876305
25,3584.05,0.88738,0.54455,1.13186,0.03524,0.96458,0.95186,0.98243,0.8013,0.62826,0.39912,1.01217,0.01081,0.0259752,0.00865839,0.0259752,0.00865839,0.0259752,0.00865839,0.0259752,0.00865839
26,3732.25,0.87229,0.53838,1.12538,0.03273,0.96108,0.9541,0.98199,0.80451,0.6102,0.40338,1.00274,0.009,0.0256505,0.00855018,0.0256505,0.00855018,0.0256505,0.00855018,0.0256505,0.00855018
27,3883,0.8628,0.53764,1.12453,0.02921,0.96936,0.95169,0.98235,0.80969,0.59584,0.39151,0.9963,0.00687,0.0253155,0.00843851,0.0253155,0.00843851,0.0253155,0.00843851,0.0253155,0.00843851
28,4033.52,0.85939,0.53366,1.12245,0.02981,0.96996,0.95424,0.98342,0.80953,0.60979,0.38565,0.99761,0.00795,0.0249705,0.00832349,0.0249705,0.00832349,0.0249705,0.00832349,0.0249705,0.00832349
29,4183.48,0.85048,0.5253,1.1114,0.02748,0.96913,0.95684,0.98345,0.81055,0.59224,0.37968,0.98297,0.00736,0.0246157,0.00820525,0.0246157,0.00820525,0.0246157,0.00820525,0.0246157,0.00820525
30,4335.46,0.84348,0.52533,1.10715,0.02678,0.96837,0.95549,0.98376,0.80857,0.60908,0.38248,1.00827,0.01005,0.0242517,0.00808389,0.0242517,0.00808389,0.0242517,0.00808389,0.0242517,0.00808389
31,4487.82,0.8338,0.5188,1.10521,0.02475,0.96827,0.95858,0.98372,0.81406,0.58665,0.37995,0.98878,0.00672,0.0238786,0.00795954,0.0238786,0.00795954,0.0238786,0.00795954,0.0238786,0.00795954
32,4637.02,0.83339,0.51794,1.10499,0.02463,0.96992,0.95551,0.98372,0.81588,0.58197,0.37113,0.98101,0.00552,0.0234969,0.00783231,0.0234969,0.00783231,0.0234969,0.00783231,0.0234969,0.00783231
33,4790.73,0.83541,0.51806,1.10755,0.02475,0.96916,0.95727,0.98388,0.81537,0.57777,0.37364,0.97783,0.0059,0.023107,0.00770234,0.023107,0.00770234,0.023107,0.00770234,0.023107,0.00770234
34,4940.04,0.82169,0.51313,1.09549,0.02206,0.96718,0.95866,0.98444,0.81854,0.5716,0.3643,0.97913,0.00498,0.0227093,0.00756976,0.0227093,0.00756976,0.0227093,0.00756976,0.0227093,0.00756976
35,5091.85,0.81236,0.50705,1.09323,0.02214,0.97035,0.95896,0.98365,0.81841,0.57085,0.36037,0.97799,0.00423,0.022304,0.00743468,0.022304,0.00743468,0.022304,0.00743468,0.022304,0.00743468
36,5239.83,0.81522,0.50542,1.0915,0.02151,0.97233,0.95767,0.98497,0.81973,0.5706,0.35698,0.97635,0.0045,0.0218918,0.00729725,0.0218918,0.00729725,0.0218918,0.00729725,0.0218918,0.00729725
37,5389.2,0.80924,0.50446,1.09489,0.0214,0.97137,0.95463,0.98394,0.82126,0.55856,0.36193,0.97313,0.004,0.0214728,0.00715761,0.0214728,0.00715761,0.0214728,0.00715761,0.0214728,0.00715761
38,5539.05,0.81303,0.50524,1.08822,0.02138,0.96532,0.95883,0.98353,0.82186,0.56008,0.35703,0.96844,0.00387,0.0210476,0.00701588,0.0210476,0.00701588,0.0210476,0.00701588,0.0210476,0.00701588
39,5684.75,0.79706,0.49729,1.09051,0.02029,0.97075,0.95854,0.98428,0.82395,0.5517,0.35335,0.96618,0.00423,0.0206166,0.00687222,0.0206166,0.00687222,0.0206166,0.00687222,0.0206166,0.00687222
40,5825.81,0.80059,0.49818,1.08527,0.02071,0.97033,0.9585,0.98459,0.82269,0.56075,0.35399,0.97236,0.00409,0.0201803,0.00672675,0.0201803,0.00672675,0.0201803,0.00672675,0.0201803,0.00672675
41,5960.67,0.79182,0.49351,1.08031,0.01943,0.973,0.9601,0.98536,0.82411,0.55062,0.34764,0.96728,0.00362,0.0197389,0.00657963,0.0197389,0.00657963,0.0197389,0.00657963,0.0197389,0.00657963
42,6101.56,0.79259,0.49071,1.08053,0.01971,0.97141,0.96159,0.98466,0.82539,0.54453,0.34542,0.96082,0.00372,0.019293,0.00643101,0.019293,0.00643101,0.019293,0.00643101,0.019293,0.00643101
43,6240.37,0.79163,0.48937,1.08102,0.01923,0.96927,0.96343,0.98528,0.82662,0.54478,0.34418,0.95917,0.00294,0.018843,0.00628101,0.018843,0.00628101,0.018843,0.00628101,0.018843,0.00628101
44,6379.77,0.7864,0.48914,1.07725,0.01844,0.97081,0.9636,0.9853,0.82732,0.54839,0.34009,0.95809,0.00367,0.0183894,0.00612981,0.0183894,0.00612981,0.0183894,0.00612981,0.0183894,0.00612981
45,6517.63,0.78296,0.48378,1.07215,0.01791,0.97603,0.96006,0.98549,0.82831,0.54114,0.33969,0.95858,0.00367,0.0179326,0.00597754,0.0179326,0.00597754,0.0179326,0.00597754,0.0179326,0.00597754
46,6652.87,0.78373,0.48387,1.07605,0.0188,0.97186,0.96215,0.98539,0.8282,0.53574,0.33713,0.95599,0.0035,0.0174731,0.00582435,0.0174731,0.00582435,0.0174731,0.00582435,0.0174731,0.00582435
47,6792.9,0.77886,0.47814,1.07266,0.01756,0.97508,0.96115,0.98532,0.82824,0.53892,0.33689,0.95804,0.00308,0.0170112,0.0056704,0.0170112,0.0056704,0.0170112,0.0056704,0.0170112,0.0056704
48,6928.81,0.76937,0.47292,1.07074,0.01654,0.97201,0.96268,0.98557,0.82937,0.5341,0.33376,0.95613,0.00283,0.0165475,0.00551584,0.0165475,0.00551584,0.0165475,0.00551584,0.0165475,0.00551584
49,7067.59,0.76314,0.47235,1.06745,0.01678,0.97339,0.96249,0.98587,0.83055,0.52841,0.33137,0.95462,0.00333,0.0160824,0.00536081,0.0160824,0.00536081,0.0160824,0.00536081,0.0160824,0.00536081
50,7204.51,0.76515,0.47242,1.06812,0.0174,0.97604,0.96015,0.98615,0.83082,0.53145,0.32988,0.95141,0.00296,0.0156164,0.00520548,0.0156164,0.00520548,0.0156164,0.00520548,0.0156164,0.00520548
51,7341.66,0.7591,0.4675,1.06535,0.01633,0.97576,0.96228,0.98636,0.83322,0.52487,0.32597,0.94664,0.00251,0.01515,0.00505,0.01515,0.00505,0.01515,0.00505,0.01515,0.00505
52,7480.02,0.76093,0.46626,1.06452,0.01632,0.97197,0.96555,0.98639,0.83333,0.52883,0.32694,0.94659,0.00365,0.0146836,0.00489452,0.0146836,0.00489452,0.0146836,0.00489452,0.0146836,0.00489452
53,7616.97,0.75145,0.46291,1.06271,0.01611,0.97345,0.96389,0.98623,0.83233,0.52908,0.32498,0.94978,0.00333,0.0142176,0.00473919,0.0142176,0.00473919,0.0142176,0.00473919,0.0142176,0.00473919
54,7753.25,0.75357,0.46572,1.0587,0.01573,0.97187,0.96514,0.98618,0.8334,0.52397,0.32741,0.9461,0.00273,0.0137525,0.00458416,0.0137525,0.00458416,0.0137525,0.00458416,0.0137525,0.00458416
55,7894.8,0.74906,0.46006,1.06326,0.01638,0.97333,0.96353,0.98615,0.83413,0.52173,0.32553,0.94272,0.00234,0.0132888,0.0044296,0.0132888,0.0044296,0.0132888,0.0044296,0.0132888,0.0044296
56,8034.8,0.75394,0.4626,1.05736,0.01651,0.97192,0.96497,0.98591,0.83433,0.52466,0.32234,0.94331,0.00269,0.0128269,0.00427565,0.0128269,0.00427565,0.0128269,0.00427565,0.0128269,0.00427565
57,8173.88,0.74292,0.45557,1.05238,0.01511,0.97163,0.96649,0.98648,0.83479,0.52118,0.321,0.94182,0.00236,0.0123674,0.00412246,0.0123674,0.00412246,0.0123674,0.00412246,0.0123674,0.00412246
58,8314.12,0.74225,0.45199,1.05253,0.01542,0.97209,0.96548,0.98617,0.83484,0.51873,0.31766,0.94071,0.00259,0.0119106,0.00397019,0.0119106,0.00397019,0.0119106,0.00397019,0.0119106,0.00397019
59,8449.5,0.73692,0.45439,1.05414,0.01399,0.97551,0.96389,0.98663,0.83542,0.51732,0.31697,0.94217,0.00227,0.011457,0.00381899,0.011457,0.00381899,0.011457,0.00381899,0.011457,0.00381899
60,8589.74,0.74022,0.45161,1.04938,0.01412,0.97394,0.96496,0.98664,0.83545,0.51751,0.31529,0.94162,0.00237,0.011007,0.00366899,0.011007,0.00366899,0.011007,0.00366899,0.011007,0.00366899
61,8727.38,0.73293,0.44841,1.04807,0.01402,0.97297,0.96729,0.9865,0.83524,0.51626,0.31496,0.94106,0.00229,0.0105611,0.00352037,0.0105611,0.00352037,0.0105611,0.00352037,0.0105611,0.00352037
62,8865.78,0.73298,0.45132,1.05193,0.01466,0.9739,0.96713,0.98664,0.8357,0.51625,0.3162,0.94039,0.00222,0.0101197,0.00337325,0.0101197,0.00337325,0.0101197,0.00337325,0.0101197,0.00337325
63,9004.62,0.7323,0.44772,1.04878,0.0138,0.97422,0.9653,0.98682,0.83667,0.51422,0.31497,0.93987,0.00211,0.00968335,0.00322778,0.00968335,0.00322778,0.00968335,0.00322778,0.00968335,0.00322778
64,9143.41,0.72451,0.44261,1.04853,0.0135,0.97482,0.9629,0.98646,0.83701,0.51249,0.31377,0.93919,0.00188,0.00925235,0.00308412,0.00925235,0.00308412,0.00925235,0.00308412,0.00925235,0.00308412
65,9281.67,0.72775,0.4439,1.04616,0.01307,0.97347,0.96505,0.98663,0.83648,0.51281,0.31252,0.93821,0.00209,0.00882718,0.00294239,0.00882718,0.00294239,0.00882718,0.00294239,0.00882718,0.00294239
66,9419.36,0.71707,0.43777,1.03927,0.01268,0.97671,0.96408,0.98672,0.83788,0.51214,0.31132,0.93667,0.00214,0.00840824,0.00280275,0.00840824,0.00280275,0.00840824,0.00280275,0.00840824,0.00280275
67,9556.42,0.72,0.44029,1.03821,0.01234,0.97632,0.96528,0.98658,0.83887,0.50965,0.31016,0.93564,0.00186,0.00799596,0.00266532,0.00799596,0.00266532,0.00799596,0.00266532,0.00799596,0.00266532
68,9694.49,0.71572,0.43648,1.04123,0.0132,0.97786,0.96403,0.98653,0.83939,0.50921,0.30784,0.9348,0.00181,0.00759073,0.00253024,0.00759073,0.00253024,0.00759073,0.00253024,0.00759073,0.00253024
69,9834.19,0.71644,0.43454,1.03913,0.0127,0.97714,0.96492,0.98697,0.8397,0.50915,0.30616,0.93524,0.00169,0.00719297,0.00239766,0.00719297,0.00239766,0.00719297,0.00239766,0.00719297,0.00239766
70,9972.4,0.7157,0.43319,1.03992,0.01273,0.97646,0.96563,0.98696,0.83905,0.51063,0.30725,0.93506,0.00186,0.00680306,0.00226769,0.00680306,0.00226769,0.00680306,0.00226769,0.00680306,0.00226769
71,10108.3,0.70413,0.42815,1.0358,0.01229,0.97555,0.96646,0.98668,0.83922,0.50903,0.30689,0.93336,0.00198,0.00642139,0.00214046,0.00642139,0.00214046,0.00642139,0.00214046,0.00642139,0.00214046
72,10245.3,0.71143,0.42791,1.03656,0.01326,0.97675,0.96604,0.98676,0.83952,0.50804,0.30601,0.93278,0.00168,0.00604833,0.00201611,0.00604833,0.00201611,0.00604833,0.00201611,0.00604833,0.00201611
73,10382.8,0.69991,0.42487,1.03232,0.01164,0.9765,0.96605,0.98677,0.84034,0.50505,0.30509,0.93152,0.00176,0.00568425,0.00189475,0.00568425,0.00189475,0.00568425,0.00189475,0.00568425,0.00189475
74,10520.1,0.70071,0.42347,1.03136,0.01201,0.97586,0.96638,0.98669,0.84054,0.50328,0.304,0.92966,0.00191,0.00532952,0.00177651,0.00532952,0.00177651,0.00532952,0.00177651,0.00532952,0.00177651
75,10657.1,0.69959,0.42466,1.02938,0.01158,0.97531,0.96671,0.98672,0.84135,0.50211,0.30297,0.92873,0.00175,0.00498448,0.00166149,0.00498448,0.00166149,0.00498448,0.00166149,0.00498448,0.00166149
76,10793.8,0.69744,0.41958,1.02431,0.01168,0.97433,0.96796,0.98685,0.84166,0.50168,0.3021,0.9283,0.00167,0.00464946,0.00154982,0.00464946,0.00154982,0.00464946,0.00154982,0.00464946,0.00154982
77,10930.5,0.69268,0.42063,1.02516,0.01097,0.97614,0.96804,0.98731,0.84233,0.50131,0.30051,0.92728,0.00181,0.00432482,0.00144161,0.00432482,0.00144161,0.00432482,0.00144161,0.00432482,0.00144161
78,11067.9,0.69107,0.42105,1.02652,0.01128,0.97598,0.96804,0.9872,0.84233,0.50069,0.2998,0.92765,0.00155,0.00401085,0.00133695,0.00401085,0.00133695,0.00401085,0.00133695,0.00401085,0.00133695
79,11203.4,0.6924,0.4201,1.02425,0.01105,0.97616,0.96855,0.98726,0.84196,0.50122,0.29957,0.92775,0.0017,0.00370788,0.00123596,0.00370788,0.00123596,0.00370788,0.00123596,0.00370788,0.00123596
80,11339.4,0.69372,0.41736,1.02477,0.01131,0.97576,0.9689,0.98718,0.84174,0.50064,0.29873,0.92703,0.00178,0.0034162,0.00113873,0.0034162,0.00113873,0.0034162,0.00113873,0.0034162,0.00113873
81,11475.8,0.6816,0.41341,1.02232,0.01034,0.97484,0.9702,0.98745,0.8418,0.50082,0.29836,0.92673,0.00167,0.0031361,0.00104537,0.0031361,0.00104537,0.0031361,0.00104537,0.0031361,0.00104537
82,11614.1,0.68258,0.41227,1.02058,0.01019,0.97474,0.97056,0.9873,0.84186,0.50091,0.29882,0.92688,0.00176,0.00286785,0.000955951,0.00286785,0.000955951,0.00286785,0.000955951,0.00286785,0.000955951
83,11752.6,0.68563,0.41297,1.02234,0.01097,0.97463,0.9697,0.98719,0.84183,0.50104,0.29871,0.92725,0.0016,0.00261173,0.000870577,0.00261173,0.000870577,0.00261173,0.000870577,0.00261173,0.000870577
84,11890.4,0.68447,0.41177,1.02294,0.01082,0.9749,0.96937,0.98726,0.84203,0.50084,0.29889,0.92762,0.00176,0.00236798,0.000789327,0.00236798,0.000789327,0.00236798,0.000789327,0.00236798,0.000789327
85,12026.3,0.68197,0.40921,1.02087,0.01093,0.9743,0.96939,0.98723,0.84183,0.50084,0.29909,0.92721,0.00173,0.00213685,0.000712282,0.00213685,0.000712282,0.00213685,0.000712282,0.00213685,0.000712282
86,12161.9,0.68506,0.41061,1.02302,0.0108,0.97637,0.96763,0.98709,0.84193,0.50078,0.29828,0.9271,0.00173,0.00191855,0.000639518,0.00191855,0.000639518,0.00191855,0.000639518,0.00191855,0.000639518
87,12298.1,0.67778,0.40883,1.02271,0.01056,0.97461,0.96862,0.9871,0.84205,0.50066,0.29811,0.92743,0.00159,0.00171332,0.000571106,0.00171332,0.000571106,0.00171332,0.000571106,0.00171332,0.000571106
88,12434.5,0.67962,0.41138,1.02214,0.01067,0.9769,0.96713,0.98702,0.84219,0.50008,0.29751,0.92753,0.00152,0.00152134,0.000507115,0.00152134,0.000507115,0.00152134,0.000507115,0.00152134,0.000507115
89,12570.4,0.67825,0.40837,1.02081,0.01019,0.97429,0.969,0.98707,0.84235,0.50008,0.29712,0.92737,0.00156,0.00134282,0.000447606,0.00134282,0.000447606,0.00134282,0.000447606,0.00134282,0.000447606
90,12705.9,0.67181,0.40419,1.01741,0.01008,0.97589,0.96796,0.98711,0.84255,0.50011,0.29717,0.927,0.00149,0.00117792,0.00039264,0.00117792,0.00039264,0.00117792,0.00039264,0.00117792,0.00039264
91,12836.5,0.58174,0.34244,0.98483,0.00538,0.97527,0.96879,0.98734,0.84258,0.5009,0.29705,0.92738,0.00147,0.00102681,0.00034227,0.00102681,0.00034227,0.00102681,0.00034227,0.00102681,0.00034227
92,12962.7,0.58222,0.34113,0.98642,0.00522,0.97575,0.96853,0.98732,0.8428,0.50152,0.29696,0.92752,0.00155,0.000889639,0.000296546,0.000889639,0.000296546,0.000889639,0.000296546,0.000889639,0.000296546
93,13091.7,0.58169,0.33912,0.98604,0.00507,0.97607,0.96871,0.98741,0.84289,0.50182,0.29695,0.92768,0.00164,0.00076654,0.000255513,0.00076654,0.000255513,0.00076654,0.000255513,0.00076654,0.000255513
94,13217.4,0.58065,0.3392,0.98139,0.00497,0.97652,0.96854,0.98756,0.84295,0.50175,0.29675,0.9277,0.00179,0.000657636,0.000219212,0.000657636,0.000219212,0.000657636,0.000219212,0.000657636,0.000219212
95,13345,0.5764,0.33735,0.97931,0.00445,0.97609,0.9697,0.98763,0.84322,0.50166,0.29657,0.9277,0.00161,0.000563034,0.000187678,0.000563034,0.000187678,0.000563034,0.000187678,0.000563034,0.000187678
96,13470.1,0.57653,0.3361,0.9802,0.00465,0.97605,0.9697,0.98754,0.84323,0.50185,0.29623,0.92775,0.00148,0.000482828,0.000160943,0.000482828,0.000160943,0.000482828,0.000160943,0.000482828,0.000160943
97,13595.5,0.57502,0.3365,0.97583,0.00472,0.97547,0.97003,0.98753,0.84356,0.50197,0.29624,0.9278,0.00153,0.000417097,0.000139032,0.000417097,0.000139032,0.000417097,0.000139032,0.000417097,0.000139032
98,13722.7,0.57334,0.33335,0.98016,0.0043,0.97547,0.97042,0.98758,0.84357,0.5019,0.29587,0.92779,0.00159,0.000365905,0.000121968,0.000365905,0.000121968,0.000365905,0.000121968,0.000365905,0.000121968
99,13846.7,0.57036,0.33351,0.97448,0.0047,0.9765,0.96918,0.98747,0.84379,0.50211,0.29605,0.92785,0.00154,0.000329303,0.000109768,0.000329303,0.000109768,0.000329303,0.000109768,0.000329303,0.000109768
100,13972.7,0.57406,0.33333,0.97969,0.00459,0.97685,0.9692,0.98761,0.84389,0.50211,0.29599,0.92785,0.00161,0.000307328,0.000102443,0.000307328,0.000102443,0.000307328,0.000102443,0.000307328,0.000102443
